{
  "rep_id": "mordred",
  "algo_id": "xgb",
  "ssot_num": 3,
  "python": "3.11.15",
  "final_hp": {
    "est__colsample_bytree": 0.5,
    "est__learning_rate": 0.05,
    "est__max_depth": 2,
    "est__n_estimators": 200
  },
  "main_table": {
    "cv_rmse_mean": 1.889149547677749,
    "cv_rmse_sd": 0.06776275124066537,
    "cv_r2_mean": 0.8983712080135096,
    "cv_r2_sd": 0.0072065355225811156,
    "cv_mae_mean": 1.4300190725225082,
    "cv_mae_sd": 0.050317510783725,
    "delta_train_cv_r2": 0.09995148093669837,
    "q2_loo": 0.9142045334085838,
    "p_y_scram_reported": "< 0.0099"
  },
  "si_table": {
    "loocv_rmse": 1.736766480099638,
    "loocv_mae": 1.2982941226756317
  }
}