{
  "rep_id": "mordred",
  "algo_id": "ridge",
  "ssot_num": 1,
  "python": "3.11.15",
  "final_hp": {
    "est__alpha": 10.985411419875572
  },
  "main_table": {
    "cv_rmse_mean": 1.9477395061949558,
    "cv_rmse_sd": 0.09011134749757736,
    "cv_r2_mean": 0.8918867216400941,
    "cv_r2_sd": 0.010011724917221453,
    "cv_mae_mean": 1.4149949571063458,
    "cv_mae_sd": 0.059228478938853246,
    "delta_train_cv_r2": 0.07527610017561637,
    "q2_loo": 0.9063049032516901,
    "p_y_scram_reported": "< 0.0099"
  },
  "si_table": {
    "loocv_rmse": 1.8149626424169898,
    "loocv_mae": 1.3490847586264674
  }
}