{
  "rep_id": "mordred",
  "algo_id": "gp_rbf",
  "ssot_num": 4,
  "python": "3.11.15",
  "final_hp": {
    "est__alpha": 0.029763514416313176
  },
  "main_table": {
    "cv_rmse_mean": 1.8130520118365545,
    "cv_rmse_sd": 0.07666227718192124,
    "cv_r2_mean": 0.9063516187310956,
    "cv_r2_sd": 0.007830233275378773,
    "cv_mae_mean": 1.2278782845258926,
    "cv_mae_sd": 0.056358730875881814,
    "delta_train_cv_r2": 0.08255533734662857,
    "q2_loo": 0.9147729899580518,
    "p_y_scram_reported": "< 0.0099"
  },
  "si_table": {
    "loocv_rmse": 1.7310032555754449,
    "loocv_mae": 1.1447070325794129
  }
}