{
  "rep_id": "mordred",
  "algo_id": "mlp",
  "ssot_num": 5,
  "python": "3.11.15",
  "final_hp": {
    "est__alpha": 10.0,
    "est__hidden_layer_sizes": [
      16
    ]
  },
  "main_table": {
    "cv_rmse_mean": 1.9097006362943492,
    "cv_rmse_sd": 0.07534800943523974,
    "cv_r2_mean": 0.8961228288926506,
    "cv_r2_sd": 0.008230829543946666,
    "cv_mae_mean": 1.2841084961612839,
    "cv_mae_sd": 0.05020982257571985,
    "delta_train_cv_r2": 0.09609725729069463,
    "q2_loo": 0.9011035845685399,
    "p_y_scram_reported": "< 0.0099"
  },
  "si_table": {
    "loocv_rmse": 1.8646594806182248,
    "loocv_mae": 1.2161815826731832
  }
}